{
  "feedback1": [
    {
      "form-name": "БАННЕР",
      "phone": "+7 (111) 111-11-11",
      "id": 1
    }
  ],
  "feedback2": [
    {
      "form-name": "Блок МЕЧТА",
      "name": "test",
      "phone": "+7 (222) 222-22-22",
      "id": 1
    }
  ],
  "feedback3": [
    {
      "form-name": "Блок АКЦИЯ",
      "phone": "+7 (333) 333-33-33",
      "id": 1
    }
  ],
  "feedback4": [
    {
      "form-name": "Блок РАСЧЕТ",
      "name": "test",
      "phone": "+7 (444) 444-44-44",
      "id": 1
    }
  ],
  "feedback5": [
    {
      "form-name": "Блок ОТВЕТ",
      "name": "test",
      "phone": "+7 (555) 555-55-55",
      "id": 1
    }
  ],
  "feedback6": [
    {
      "form-name": "Блок КОНСУЛЬТАЦИЯ.",
      "phone": "+7 (676) 676-76-76",
      "id": 1
    }
  ]
}