{
  "repairTypes": [
    {
      "type": "Потолок: Демонтажные работы",
      "name": "Очистка потолка от побелки, краски,водоэмульсионки",
      "units": "м2",
      "cost": "130",
      "id": "9730320403"
    },
    {
      "type": "Потолок: Демонтажные работы",
      "name": "Очистка потолка от обоев",
      "units": "м2",
      "cost": "100",
      "id": "5260525642"
    },
    {
      "type": "Потолок: Демонтажные работы",
      "name": "Разборка ПВХ ,МДФ панелей с потолка",
      "units": "м2",
      "cost": "170",
      "id": "5531010563"
    },
    {
      "type": "Потолок: Демонтажные работы",
      "name": "Разборка потолка \"Armstrong\"",
      "units": "м2",
      "cost": "150",
      "id": "9041080382"
    },
    {
      "type": "Потолок: Демонтажные работы",
      "name": "Разборка потолка \"Armstrong\" зеркальный",
      "units": "м2",
      "cost": "170",
      "id": "6330036860"
    },
    {
      "type": "Потолок: Демонтажные работы",
      "name": "Разборка потолка из ГКЛ 1 уровневый",
      "units": "м2",
      "cost": "220",
      "id": "5831572786"
    },
    {
      "type": "Потолок: Демонтажные работы",
      "name": "Разборка потолка из ГКЛ 2 уровневый",
      "units": "м2",
      "cost": "от 250",
      "id": "3231559274"
    },
    {
      "type": "Потолок: Демонтажные работы",
      "name": "Разборка потолка из ГКЛ 3 уровневый",
      "units": "м2",
      "cost": "от 350",
      "id": "8174994097"
    },
    {
      "type": "Потолок: Демонтажные работы",
      "name": "Разбивка потолочного руста",
      "units": "п.м",
      "cost": "90",
      "id": "2464919969"
    },
    {
      "type": "Потолок: Демонтажные работы",
      "name": "Демонтаж реечного потолка",
      "units": "м2",
      "cost": "100",
      "id": "5496390326"
    },
    {
      "type": "Потолок: Демонтажные работы",
      "name": "Демонтаж плинтуса потолочного",
      "units": "п.м",
      "cost": "40",
      "id": "7238173535"
    },
    {
      "type": "Потолок: Демонтажные работы",
      "name": "Демонтаж клеевой плитки",
      "units": "м2",
      "cost": "90",
      "id": "6001581756"
    },
    {
      "type": "Потолок: Демонтажные работы",
      "name": "Демонтаж шпаклевки с потолка",
      "units": "м2",
      "cost": "130",
      "id": "7656466834"
    },
    {
      "type": "Потолок: Демонтажные работы",
      "name": "Очистка потолка от побелки, краски,водоэмульсионки",
      "units": "м2",
      "cost": "130",
      "id": "2195934530"
    },
    {
      "type": "Потолок: Демонтажные работы",
      "name": "Очистка потолка от клеевой мастики",
      "units": "м2",
      "cost": "180",
      "id": "8386134107"
    },
    {
      "type": "Потолок: Демонтажные работы",
      "name": "Демонтаж штукатурки с потолка",
      "units": "м2",
      "cost": "160",
      "id": "9562685612"
    },
    {
      "type": "Потолок: Монтажные работы",
      "name": "Монтаж потолка (ГКЛ) 1 уровень",
      "units": "м2",
      "cost": "450",
      "id": "1204294248"
    },
    {
      "type": "Потолок: Монтажные работы",
      "name": "Монтаж потолка (ГКЛ) 2 уровень",
      "units": "м2",
      "cost": "600",
      "id": "6370095354"
    },
    {
      "type": "Потолок: Монтажные работы",
      "name": "Монтаж потолка (ГКЛ) 3 уровень и более",
      "units": "м2",
      "cost": "от 1000",
      "id": "1290127768"
    },
    {
      "type": "Потолок: Монтажные работы",
      "name": "Монтаж потолка\"Armstrong\"",
      "units": "м2",
      "cost": "300",
      "id": "1334203035"
    },
    {
      "type": "Потолок: Монтажные работы",
      "name": "Монтаж потолка\"Armstrong\"зеркальный\t",
      "units": "м2",
      "cost": "350",
      "id": "8772746192"
    },
    {
      "type": "Потолок: Монтажные работы",
      "name": "Монтаж потолка из ПВХ, МДФ панелей по металлокаркасу",
      "units": "м2",
      "cost": "350",
      "id": "0211087203"
    },
    {
      "type": "Потолок: Монтажные работы",
      "name": "Монтаж потолка из алюм.реек по металлокаркасу",
      "units": "м2",
      "cost": "350",
      "id": "5685344284"
    },
    {
      "type": "Потолок: Монтажные работы",
      "name": "Обшивка потолка вагонкой",
      "units": "м2",
      "cost": "450",
      "id": "2282991030"
    },
    {
      "type": "Потолок: Монтажные работы",
      "name": "Грунтовка потолка на 1 раз",
      "units": "м2",
      "cost": "30",
      "id": "6309955168"
    },
    {
      "type": "Потолок: Монтажные работы",
      "name": "Проклейка потолка армировочной сеткой",
      "units": "м2",
      "cost": "90",
      "id": "6564449313"
    },
    {
      "type": "Потолок: Монтажные работы",
      "name": "Выравнивание потолка до 3х см. (штукатурка)",
      "units": "м2",
      "cost": "380",
      "id": "0820611848"
    },
    {
      "type": "Потолок: Монтажные работы",
      "name": "Шпатлёвка потолка",
      "units": "м2",
      "cost": "120",
      "id": "2443937676"
    },
    {
      "type": "Потолок: Монтажные работы",
      "name": "Шпатлёвка потолка под покраску",
      "units": "м2",
      "cost": "210",
      "id": "7447658280"
    },
    {
      "type": "Потолок: Монтажные работы",
      "name": "Проклейка и замазка потолочного руста",
      "units": "п.м.",
      "cost": "150",
      "id": "7808572388"
    },
    {
      "type": "Потолок: Монтажные работы",
      "name": "Оклейка потолка обоями (флизилин, винил)",
      "units": "м2",
      "cost": "280",
      "id": "0302259321"
    },
    {
      "type": "Потолок: Монтажные работы",
      "name": "Оклейка потолка обоями (бумажные обои)",
      "units": "м2",
      "cost": "260",
      "id": "7105027985"
    },
    {
      "type": "Стена: Демонтажные работы",
      "name": "Очистка стен от обоев",
      "units": "м2",
      "cost": "80",
      "id": "1447741497"
    },
    {
      "type": "Стена: Демонтажные работы",
      "name": "Демонтаж штукатурки со стен",
      "units": "м2",
      "cost": "120",
      "id": "9101240001"
    },
    {
      "type": "Стена: Демонтажные работы",
      "name": "Демонтаж плитки со стен",
      "units": "м2",
      "cost": "200",
      "id": "3958667109"
    },
    {
      "type": "Стена: Демонтажные работы",
      "name": "Демонтаж стен ( 1/2 кирпича)",
      "units": "м2",
      "cost": "550",
      "id": "2840864383"
    },
    {
      "type": "Стена: Демонтажные работы",
      "name": "Демонтаж стен (в кирпич)",
      "units": "м2",
      "cost": "600",
      "id": "5657069372"
    },
    {
      "type": "Стена: Демонтажные работы",
      "name": "Демонтаж бетонных перегородок толщиной до 12см",
      "units": "м2",
      "cost": "1200",
      "id": "9753074803"
    },
    {
      "type": "Стена: Демонтажные работы",
      "name": "Демонтаж перегородки (гипс, гипсолит)",
      "units": "м2",
      "cost": "400",
      "id": "2988122873"
    },
    {
      "type": "Стена: Демонтажные работы",
      "name": "Демонтаж листов ГКЛ",
      "units": "м2",
      "cost": "100",
      "id": "3912470126"
    },
    {
      "type": "Стена: Демонтажные работы",
      "name": "Разборка перегородки (ГКЛ)",
      "units": "м2",
      "cost": "200",
      "id": "8250395038"
    },
    {
      "type": "Стена: Демонтажные работы",
      "name": "Разборка перегородки (дерево)",
      "units": "м2",
      "cost": "190",
      "id": "5450260921"
    },
    {
      "type": "Стена: Демонтажные работы",
      "name": "Демонтаж перегородки в сан. узле (железобетон до 5см.)",
      "units": "м2",
      "cost": "1700",
      "id": "6638677051"
    },
    {
      "type": "Стена: Демонтажные работы",
      "name": "Демонтаж потолка в сан.узле (железобетон до 5см.)",
      "units": "м2",
      "cost": "2500",
      "id": "4975731806"
    },
    {
      "type": "Стена: Демонтажные работы",
      "name": "Разборка перегородки (ДВП)",
      "units": "м2",
      "cost": "200",
      "id": "3669124299"
    },
    {
      "type": "Стена: Демонтажные работы",
      "name": "Пробивка проема в стене (кирпич)",
      "units": "м2",
      "cost": "700",
      "id": "9908416118"
    },
    {
      "type": "Стена: Демонтажные работы",
      "name": "Пробивка проема в стене (1/2 кирпича)",
      "units": "м2",
      "cost": "600",
      "id": "1931989869"
    },
    {
      "type": "Стена: Демонтажные работы",
      "name": "Пробивка проема в стене (бетон)",
      "units": "м2",
      "cost": "1300",
      "id": "1574827304"
    },
    {
      "type": "Стены: Монтажные работы",
      "name": "Штукатурка стен по маякам",
      "units": "м2",
      "cost": "320",
      "id": "6031300440"
    },
    {
      "type": "Стены: Монтажные работы",
      "name": "Шпатлевка стен под обои",
      "units": "м2",
      "cost": "180",
      "id": "5937859016"
    },
    {
      "type": "Стены: Монтажные работы",
      "name": "Шпатлевка стен под покраску",
      "units": "м2",
      "cost": "210",
      "id": "2424016280"
    },
    {
      "type": "Стены: Монтажные работы",
      "name": "Шлифовка стен под обои",
      "units": "м2",
      "cost": "40",
      "id": "8468714350"
    },
    {
      "type": "Стены: Монтажные работы",
      "name": "Шлифовка стен под покраску",
      "units": "м2",
      "cost": "70",
      "id": "6921151093"
    },
    {
      "type": "Стены: Монтажные работы",
      "name": "Устройство перегородки из ГКЛ",
      "units": "м2",
      "cost": "450",
      "id": "8491279708"
    },
    {
      "type": "Стены: Монтажные работы",
      "name": "Устройство перегородки из ГКЛ в 2 слоя",
      "units": "м2",
      "cost": "600",
      "id": "0468019711"
    },
    {
      "type": "Стены: Монтажные работы",
      "name": "Монтаж стен из ГКЛ (ГВЛ) на клей",
      "units": "м2",
      "cost": "250",
      "id": "5696462706"
    },
    {
      "type": "Стены: Монтажные работы",
      "name": "Монтаж фальшстены из ГКЛ по металлокаркасу",
      "units": "м2",
      "cost": "350",
      "id": "6955607124"
    },
    {
      "type": "Стены: Монтажные работы",
      "name": "Монтаж фальшстены из ПВХ по металлокаркасу",
      "units": "м2",
      "cost": "300",
      "id": "2529010043"
    },
    {
      "type": "Стены: Монтажные работы",
      "name": "Кладка перегородки в 1/2 кирпича",
      "units": "м2",
      "cost": "800",
      "id": "7459698078"
    },
    {
      "type": "Стены: Монтажные работы",
      "name": "Кладка перегородки в кирпич",
      "units": "м2",
      "cost": "1000",
      "id": "6944803369"
    },
    {
      "type": "Стены: Монтажные работы",
      "name": "Кладка перегородок из стеклоблоков",
      "units": "м2",
      "cost": "750",
      "id": "4220146402"
    },
    {
      "type": "Стены: Монтажные работы",
      "name": "Кладка перегородок из гипсоблоков, пеноблоков",
      "units": "м2",
      "cost": "650",
      "id": "9473029595"
    },
    {
      "type": "Стены: Монтажные работы",
      "name": "Кладка криволинейных перегородок из гипсоблоков, пеноблоков",
      "units": "м2",
      "cost": "1000",
      "id": "7045148810"
    },
    {
      "type": "Стены: Монтажные работы",
      "name": "Покраска стен с помощью распылителя",
      "units": "м2",
      "cost": "150",
      "id": "4404176726"
    },
    {
      "type": "Муж на час",
      "name": "Навес в бетон, кирпич, ГКЛ",
      "units": "шт",
      "cost": "80",
      "id": "4471067768"
    },
    {
      "type": "Муж на час",
      "name": "Навес в кафельную плитку",
      "units": "шт",
      "cost": "100",
      "id": "1849231727"
    },
    {
      "type": "Муж на час",
      "name": "Установка, навес зеркал в бетон, кирпич, ГКЛ",
      "units": "шт",
      "cost": "100",
      "id": "0449271605"
    },
    {
      "type": "Муж на час",
      "name": "Установка, навес зеркал в кафельную плитку",
      "units": "шт",
      "cost": "120",
      "id": "4107766514"
    },
    {
      "type": "Муж на час",
      "name": "Навес шкафчика",
      "units": "шт",
      "cost": "200",
      "id": "0512662454"
    },
    {
      "type": "Муж на час",
      "name": "Навес сушилки для белья",
      "units": "шт",
      "cost": "300",
      "id": "7093577169"
    },
    {
      "type": "Муж на час",
      "name": "Установка гардины, карниза на стену",
      "units": "шт",
      "cost": "130",
      "id": "2010424788"
    },
    {
      "type": "Муж на час",
      "name": "Установка гардины, карниза на потолок\t",
      "units": "шт",
      "cost": "170",
      "id": "2267981455"
    },
    {
      "type": "Муж на час",
      "name": "Установка жалюзи, римской шторы",
      "units": "шт",
      "cost": "500",
      "id": "6964234985"
    },
    {
      "type": "Муж на час",
      "name": "Навес TV на стену",
      "units": "шт",
      "cost": "600",
      "id": "9101465198"
    },
    {
      "type": "Муж на час",
      "name": "Мелкий бытовой ремонт не указанный в прайсе",
      "units": "час",
      "cost": "590",
      "id": "5875736236"
    },
    {
      "type": "Электромонтажные работы",
      "name": "Демонтаж эл.точек (механизмы)",
      "units": "шт",
      "cost": "100",
      "id": "8289995988"
    },
    {
      "type": "Электромонтажные работы",
      "name": "Демонтаж эл.точек (полностью)",
      "units": "шт",
      "cost": "250",
      "id": "6909348902"
    },
    {
      "type": "Электромонтажные работы",
      "name": "Демонтаж светильника",
      "units": "шт",
      "cost": "150",
      "id": "0557669897"
    },
    {
      "type": "Электромонтажные работы",
      "name": "Демонтаж старой проводки открытой",
      "units": "п.м.",
      "cost": "100",
      "id": "4269429240"
    },
    {
      "type": "Электромонтажные работы",
      "name": "Демонтаж старой проводки закрытой",
      "units": "п.м.",
      "cost": "120",
      "id": "3895690444"
    },
    {
      "type": "Электромонтажные работы",
      "name": "Демонтаж счетчика",
      "units": "шт",
      "cost": "500",
      "id": "6126362765"
    },
    {
      "type": "Электромонтажные работы",
      "name": "Демонтаж автомата",
      "units": "шт",
      "cost": "50",
      "id": "1385632586"
    },
    {
      "type": "Электромонтажные работы",
      "name": "Демонтаж трубки домофона",
      "units": "шт",
      "cost": "100",
      "id": "2104712176"
    },
    {
      "type": "Электромонтажные работы",
      "name": "Демонтаж вентилятора",
      "units": "шт",
      "cost": "100",
      "id": "9864742653"
    },
    {
      "type": "Электромонтажные работы",
      "name": "Демонтаж люстры",
      "units": "шт",
      "cost": "200",
      "id": "6141144430"
    },
    {
      "type": "Электромонтажные работы",
      "name": "Демонтаж кабель-канала",
      "units": "п.м.",
      "cost": "40",
      "id": "9281062540"
    },
    {
      "type": "Электромонтажные работы",
      "name": "Монтаж провода до 2,5 кв.мм. открыто",
      "units": "п.м.",
      "cost": "80",
      "id": "8034321949"
    },
    {
      "type": "Электромонтажные работы",
      "name": "Монтаж провода от 3 до 6 кв.мм. открыто",
      "units": "п.м.",
      "cost": "80",
      "id": "8288565818"
    },
    {
      "type": "Электромонтажные работы",
      "name": "Монтаж провода 5х6 открыто",
      "units": "п.м.",
      "cost": "80",
      "id": "4600507525"
    },
    {
      "type": "Электромонтажные работы",
      "name": "Монтаж провода в гофре открыто",
      "units": "п.м.",
      "cost": "200",
      "id": "9524178887"
    },
    {
      "type": "Электромонтажные работы",
      "name": "Монтаж эл.точек по бетону",
      "units": "шт",
      "cost": "400",
      "id": "0365277003"
    },
    {
      "type": "v",
      "name": "v",
      "units": "v",
      "cost": "v",
      "id": "eL2tq8u"
    }
  ]
}